{"chunk_definitions":[{"row":37,"row_count":1,"visible":true,"expansion_state":0,"options":{"engine":"r","message":false,"warning":false,"label":"unnamed-chunk-111","dev":"png"},"document_id":"AB72191F","chunk_id":"c4g6k3givqujw","chunk_label":"unnamed-chunk-1"},{"row":46,"row_count":1,"visible":true,"expansion_state":0,"options":{"engine":"r","label":"unnamed-chunk-112","dev":"png"},"document_id":"AB72191F","chunk_id":"cd6utpeemhgem","chunk_label":"unnamed-chunk-2"},{"row":54,"row_count":1,"visible":true,"expansion_state":0,"options":{"engine":"r","message":false,"label":"unnamed-chunk-113","dev":"png"},"document_id":"AB72191F","chunk_id":"c5pksneoggt6q","chunk_label":"unnamed-chunk-3"},{"row":59,"row_count":1,"visible":true,"expansion_state":0,"options":{"engine":"r","label":"unnamed-chunk-114","dev":"png"},"document_id":"AB72191F","chunk_id":"ctoxuvspdgdtw","chunk_label":"unnamed-chunk-4"},{"row":71,"row_count":1,"visible":true,"expansion_state":0,"options":{"engine":"r","echo":false,"label":"unnamed-chunk-115","column":"margin","dev":"png"},"document_id":"AB72191F","chunk_id":"csncxf1vfu0nu","chunk_label":"unnamed-chunk-5"},{"row":74,"row_count":1,"visible":true,"expansion_state":0,"options":{"engine":"r","label":"unnamed-chunk-116","dev":"png"},"document_id":"AB72191F","chunk_id":"cw9na0nwepujm","chunk_label":"unnamed-chunk-6"},{"row":83,"row_count":1,"visible":true,"expansion_state":0,"options":{"engine":"r","label":"unnamed-chunk-117","column":"margin","dev":"png"},"document_id":"AB72191F","chunk_id":"cf1h7o8oec3li","chunk_label":"unnamed-chunk-7"},{"row":89,"row_count":1,"visible":true,"expansion_state":0,"options":{"engine":"r","label":"unnamed-chunk-118","dev":"png"},"document_id":"AB72191F","chunk_id":"cu7kae32y37qj","chunk_label":"unnamed-chunk-8"},{"row":94,"row_count":1,"visible":true,"expansion_state":0,"options":{"engine":"r","label":"unnamed-chunk-119","dev":"png"},"document_id":"AB72191F","chunk_id":"czx6vskeeqp2l","chunk_label":"unnamed-chunk-9"},{"row":102,"row_count":1,"visible":true,"expansion_state":0,"options":{"engine":"r","label":"unnamed-chunk-120","dev":"png"},"document_id":"AB72191F","chunk_id":"cne3nelygm0z0","chunk_label":"unnamed-chunk-10"},{"row":115,"row_count":1,"visible":true,"expansion_state":0,"options":{"engine":"r","label":"unnamed-chunk-121","dev":"png"},"document_id":"AB72191F","chunk_id":"cakuyp440nxmr","chunk_label":"unnamed-chunk-11"},{"row":134,"row_count":1,"visible":true,"expansion_state":0,"options":{"engine":"r","label":"pressure","echo":false,"warning":false,"message":false,"dev":"png"},"document_id":"AB72191F","chunk_id":"cjaf9tknixk60","chunk_label":"pressure"},{"row":152,"row_count":1,"visible":true,"expansion_state":0,"options":{"engine":"r","label":"unnamed-chunk-122","dev":"png"},"document_id":"AB72191F","chunk_id":"ckc06yszpbznu","chunk_label":"unnamed-chunk-12"},{"row":162,"row_count":1,"visible":true,"expansion_state":0,"options":{"engine":"r","label":"unnamed-chunk-123","dev":"png"},"document_id":"AB72191F","chunk_id":"csei86djir661","chunk_label":"unnamed-chunk-13"},{"row":176,"row_count":1,"visible":true,"expansion_state":0,"options":{"engine":"r","label":"unnamed-chunk-124","dev":"png"},"document_id":"AB72191F","chunk_id":"cimpi33mix3a2","chunk_label":"unnamed-chunk-14"},{"row":181,"row_count":1,"visible":true,"expansion_state":0,"options":{"engine":"r","label":"unnamed-chunk-125","dev":"png"},"document_id":"AB72191F","chunk_id":"clacda0bywyks","chunk_label":"unnamed-chunk-15"},{"row":189,"row_count":1,"visible":true,"expansion_state":0,"options":{"engine":"r","warning":false,"echo":false,"label":"unnamed-chunk-126","dev":"png"},"document_id":"AB72191F","chunk_id":"ctmq2imhwn6hz","chunk_label":"fig-main"},{"row":194,"row_count":1,"visible":true,"expansion_state":0,"options":{"engine":"r","label":"unnamed-chunk-127","dev":"png"},"document_id":"AB72191F","chunk_id":"cm8yvmbuw9qgq","chunk_label":"unnamed-chunk-16"},{"row":208,"row_count":1,"visible":true,"expansion_state":0,"options":{"engine":"r","label":"unnamed-chunk-128","dev":"png"},"document_id":"AB72191F","chunk_id":"cotbiy3bshnfo","chunk_label":"unnamed-chunk-17"},{"row":224,"row_count":1,"visible":true,"expansion_state":0,"options":{"engine":"r","label":"unnamed-chunk-129","dev":"png"},"document_id":"AB72191F","chunk_id":"c7z8bvzkow4nd","chunk_label":"unnamed-chunk-18"},{"row":237,"row_count":1,"visible":true,"expansion_state":0,"options":{"engine":"r","label":"unnamed-chunk-130","dev":"png"},"document_id":"AB72191F","chunk_id":"cok47powc59u8","chunk_label":"unnamed-chunk-19"},{"row":252,"row_count":1,"visible":true,"expansion_state":0,"options":{"engine":"r","label":"unnamed-chunk-131","dev":"png"},"document_id":"AB72191F","chunk_id":"ca0xjwo06e3f8","chunk_label":"unnamed-chunk-20"},{"row":281,"row_count":1,"visible":true,"expansion_state":0,"options":{"engine":"r","label":"unnamed-chunk-132","dev":"png"},"document_id":"AB72191F","chunk_id":"cftj70asjiz54","chunk_label":"unnamed-chunk-21"},{"row":286,"row_count":1,"visible":true,"expansion_state":0,"options":{"engine":"r","echo":false,"label":"unnamed-chunk-133","dev":"png"},"document_id":"AB72191F","chunk_id":"csb20folc9gwo","chunk_label":"unnamed-chunk-22"},{"row":299,"row_count":1,"visible":true,"expansion_state":0,"options":{"engine":"r","echo":false,"label":"unnamed-chunk-134","dev":"png"},"document_id":"AB72191F","chunk_id":"c0qpripspzfcp","chunk_label":"unnamed-chunk-23"},{"row":311,"row_count":1,"visible":true,"expansion_state":0,"options":{"engine":"r","echo":false,"label":"unnamed-chunk-135","dev":"png"},"document_id":"AB72191F","chunk_id":"crzw81zzfq4tf","chunk_label":"unnamed-chunk-24"},{"row":337,"row_count":1,"visible":true,"expansion_state":0,"options":{"engine":"r","echo":false,"label":"unnamed-chunk-136","dev":"png"},"document_id":"AB72191F","chunk_id":"cda3kcvnfgdz7","chunk_label":"unnamed-chunk-25"},{"row":341,"row_count":1,"visible":true,"expansion_state":0,"options":{"engine":"r","label":"unnamed-chunk-137","dev":"png"},"document_id":"AB72191F","chunk_id":"c553rta62ww95","chunk_label":"unnamed-chunk-26"},{"row":348,"row_count":1,"visible":true,"expansion_state":0,"options":{"engine":"r","label":"unnamed-chunk-138","dev":"png"},"document_id":"AB72191F","chunk_id":"csl2non155s6o","chunk_label":"unnamed-chunk-27"},{"row":374,"row_count":1,"visible":true,"expansion_state":0,"options":{"engine":"r","label":"unnamed-chunk-139","dev":"png"},"document_id":"AB72191F","chunk_id":"cil7fzmrfaapa","chunk_label":"unnamed-chunk-28"},{"row":396,"row_count":1,"visible":true,"expansion_state":0,"options":{"engine":"r","warning":false,"message":false,"label":"unnamed-chunk-140","dev":"png"},"document_id":"AB72191F","chunk_id":"ct2vsrisrevb7","chunk_label":"unnamed-chunk-29"},{"row":404,"row_count":1,"visible":true,"expansion_state":0,"options":{"engine":"r","echo":false,"label":"unnamed-chunk-141","dev":"png"},"document_id":"AB72191F","chunk_id":"cyqr3g0kxal2u","chunk_label":"unnamed-chunk-30"},{"row":417,"row_count":1,"visible":true,"expansion_state":0,"options":{"engine":"r","echo":false,"label":"unnamed-chunk-142","column":"margin","dev":"png"},"document_id":"AB72191F","chunk_id":"c705j54zgp6a9","chunk_label":"unnamed-chunk-31"},{"row":424,"row_count":1,"visible":true,"expansion_state":0,"options":{"engine":"r","label":"unnamed-chunk-143","column":"margin","dev":"png"},"document_id":"AB72191F","chunk_id":"cqxrtllqdc28p","chunk_label":"unnamed-chunk-32"},{"row":429,"row_count":1,"visible":true,"expansion_state":0,"options":{"engine":"r","label":"unnamed-chunk-144","dev":"png"},"document_id":"AB72191F","chunk_id":"c9knj3th94dht","chunk_label":"unnamed-chunk-33"},{"row":436,"row_count":1,"visible":true,"expansion_state":0,"options":{"engine":"r","label":"unnamed-chunk-145","column":"margin","dev":"png"},"document_id":"AB72191F","chunk_id":"csrsbppcaglc7","chunk_label":"unnamed-chunk-34"},{"row":442,"row_count":1,"visible":true,"expansion_state":0,"options":{"engine":"r","label":"unnamed-chunk-146","column":"margin","dev":"png"},"document_id":"AB72191F","chunk_id":"c5k8b5r8j27vx","chunk_label":"unnamed-chunk-35"},{"row":448,"row_count":1,"visible":true,"expansion_state":0,"options":{"engine":"r","label":"unnamed-chunk-147","column":"margin","dev":"png"},"document_id":"AB72191F","chunk_id":"cbkcuq6jixi3i","chunk_label":"unnamed-chunk-36"},{"row":458,"row_count":1,"visible":true,"expansion_state":0,"options":{"engine":"r","echo":false,"label":"unnamed-chunk-148","dev":"png"},"document_id":"AB72191F","chunk_id":"ch4c9eflmc7i9","chunk_label":"unnamed-chunk-37"},{"row":470,"row_count":1,"visible":true,"expansion_state":0,"options":{"engine":"r","label":"unnamed-chunk-149","dev":"png"},"document_id":"AB72191F","chunk_id":"cvdty6lxohvgf","chunk_label":"unnamed-chunk-38"},{"row":481,"row_count":1,"visible":true,"expansion_state":0,"options":{"engine":"r","label":"unnamed-chunk-150","dev":"png"},"document_id":"AB72191F","chunk_id":"c5ye0ers2x5r9","chunk_label":"unnamed-chunk-39"},{"row":515,"row_count":1,"visible":true,"expansion_state":0,"options":{"engine":"r","label":"unnamed-chunk-151","dev":"png"},"document_id":"AB72191F","chunk_id":"ch5aq7cl5i38u","chunk_label":"unnamed-chunk-40"},{"row":526,"row_count":1,"visible":true,"expansion_state":0,"options":{"engine":"r","label":"unnamed-chunk-152","dev":"png"},"document_id":"AB72191F","chunk_id":"cdc3s2bdhcxqr","chunk_label":"unnamed-chunk-41"},{"row":547,"row_count":1,"visible":true,"expansion_state":0,"options":{"engine":"r","label":"unnamed-chunk-153","column":"margin","dev":"png"},"document_id":"AB72191F","chunk_id":"cfl59611325t5","chunk_label":"unnamed-chunk-42"},{"row":555,"row_count":1,"visible":true,"expansion_state":0,"options":{"engine":"r","label":"unnamed-chunk-154","dev":"png"},"document_id":"AB72191F","chunk_id":"c8efk5140759c","chunk_label":"unnamed-chunk-43"},{"row":562,"row_count":1,"visible":true,"expansion_state":0,"options":{"engine":"r","label":"unnamed-chunk-155","dev":"png"},"document_id":"AB72191F","chunk_id":"cwur6t8djq21v","chunk_label":"unnamed-chunk-44"},{"row":568,"row_count":1,"visible":true,"expansion_state":0,"options":{"engine":"r","label":"unnamed-chunk-156","dev":"png"},"document_id":"AB72191F","chunk_id":"cvka9xfjxzdec","chunk_label":"unnamed-chunk-45"},{"row":579,"row_count":1,"visible":true,"expansion_state":0,"options":{"engine":"r","label":"unnamed-chunk-157","dev":"png"},"document_id":"AB72191F","chunk_id":"cmivckkn6v0mp","chunk_label":"unnamed-chunk-46"},{"row":599,"row_count":1,"visible":true,"expansion_state":0,"options":{"engine":"r","label":"unnamed-chunk-158","dev":"png"},"document_id":"AB72191F","chunk_id":"c1plkwksdhu7w","chunk_label":"unnamed-chunk-47"},{"row":618,"row_count":1,"visible":true,"expansion_state":0,"options":{"engine":"r","echo":false,"label":"unnamed-chunk-159","dev":"png"},"document_id":"AB72191F","chunk_id":"ch2lfeqpj188r","chunk_label":"unnamed-chunk-48"},{"row":626,"row_count":1,"visible":true,"expansion_state":0,"options":{"engine":"r","label":"unnamed-chunk-160","dev":"png"},"document_id":"AB72191F","chunk_id":"chn6iqb4mhh79","chunk_label":"unnamed-chunk-49"},{"row":645,"row_count":1,"visible":true,"expansion_state":0,"options":{"engine":"r","echo":false,"label":"unnamed-chunk-161","dev":"png"},"document_id":"AB72191F","chunk_id":"cj58qwv8m0odt","chunk_label":"unnamed-chunk-50"},{"row":652,"row_count":1,"visible":true,"expansion_state":0,"options":{"engine":"r","label":"unnamed-chunk-162","dev":"png"},"document_id":"AB72191F","chunk_id":"ck0cvpv4foqza","chunk_label":"unnamed-chunk-51"},{"row":667,"row_count":1,"visible":true,"expansion_state":0,"options":{"engine":"r","echo":false,"label":"unnamed-chunk-163","dev":"png"},"document_id":"AB72191F","chunk_id":"ckkmlwweyd0xf","chunk_label":"unnamed-chunk-52"},{"row":676,"row_count":1,"visible":true,"expansion_state":0,"options":{"engine":"r","label":"unnamed-chunk-165","dev":"png"},"document_id":"AB72191F","chunk_id":"cx397qarl3xbz","chunk_label":"unnamed-chunk-53"}],"doc_write_time":1705239611,"chunk_rendered_width":700}