"0","sub_train <- subset(train, select = c(Ratings, Gross, Budget, Sequel,"
"0","                                      Sentiment, Views, Likes, Dislikes,"
"0","                                      Comments, Aggregate_Followers))"
"0","sub_val <- subset(val, select = c(Ratings, Gross, Budget, Sequel,"
"0","                                      Sentiment, Views, Likes, Dislikes,"
"0","                                      Comments, Aggregate_Followers))"
"0","data_long <- melt(sub_train)"
"0","ggplot(data_long, aes(x=variable, y=value, color=variable), position=position_dodge(1.2))+geom_boxplot()"
