"0","data3_clean <- read_csv(""./data/ranking_cleaned.csv"")"
"2","[1mRows: [22m[34m910[39m [1mColumns: [22m[34m7[39m"
"2","[36m──[39m [1mColumn specification[22m [36m───────────────────────────────────────────────────────────────────────────────────────────────────────────────────[39m
[1mDelimiter:[22m "",""
[31mchr[39m (1): continent
[32mdbl[39m (6): overall, research_quality, industry, international, research_environment, teaching"
"2","
[36mℹ[39m Use `spec()` to retrieve the full column specification for this data.
[36mℹ[39m Specify the column types or set `show_col_types = FALSE` to quiet this message."
