"0","set.seed(123)"
"0","data3 <- data3[sample(nrow(data3)),]"
"0","## Đổi tên biến"
"0","data3 <- data3 %>% "
"0","  rename(nation = location, overall = `Overall scores`, "
"0","         research_quality = `Research Quality Score`, "
"0","         industry = `Industry Score`, international = `International Outlook`, "
"0","         research_environment = `Research Environment Score`, teaching = `Teaching Score`)"
"0","names(data3)"
"1","[1]"
"1"," ""rank""                     "
"1"," ""ranking-institution-title"""
"1"," ""nation""                   "
"1"," ""overall""                  "
"1","
"
"1","[5]"
"1"," ""research_quality""         "
"1"," ""industry""                 "
"1"," ""international""            "
"1"," ""research_environment""     "
"1","
"
"1","[9]"
"1"," ""teaching""                 "
"1","
"
