"0","## tạo biến overall_num để lưu các giá trị numeric"
"0","# data3$overall_num <- as.numeric(data3$overall)"
"0",""
"0","## tạo biến overcheck1 lưu chặng dưới"
"0","# data3$overcheck1 <- substr(data3$overall, 1, 4)"
"0","# data3$overcheck1 <- as.numeric(data3$overcheck1)"
"0","# data3$overcheck1[!is.na(data3$overall_num)] <- NA"
"0",""
"0",""
"0","## tạo biến overcheck2 lưu chặng trên"
"0","# data3$overcheck2 <- substr(data3$overall, 6, 9)"
"0","# data3$overcheck2 <- as.numeric(data3$overcheck2)"
"0",""
"0","## tạo giá trị với random có phân phối chuẩn trong khoảng (overcheck1, overcheck2)"
"0","# data3$overall_check <- round(rtruncnorm(n=1,a=data3$overcheck1, b=data3$overcheck2),2)"
"0",""
"0","## merge overall_num và overall_check gán vào biến overall"
"0","# data3$overall_num[is.na(data3$overall_num)] <- data3$overall_check[is.na(data3$overall_num)]"
"0","# data3$overall <- data3$overall_num"
"0",""
"0","## xóa đi các biến đã thực hiện"
"0","# data3 <- data3 %>% "
"0","  # select(-c(overall_num, overcheck1, overcheck2, overall_check))"
"0",""
"0","## lưu dataset với tên ranking_cleaned.csv"
"0","# write_csv(data3, ""./data/ranking_cleaned.csv"")"
