{"chunk_definitions":[{"row":17,"row_count":1,"visible":true,"expansion_state":0,"options":{"engine":"r","label":"setup","include":false,"dev":"png"},"document_id":"DA0176CF","chunk_id":"csetup_chunk","chunk_label":"setup"},{"row":34,"row_count":1,"visible":true,"expansion_state":0,"options":{"engine":"r","warning":false,"message":false,"label":"unnamed-chunk-1","dev":"png"},"document_id":"C27559D8","chunk_id":"cowyl6p28kh22","chunk_label":"unnamed-chunk-1"},{"row":41,"row_count":1,"visible":true,"expansion_state":0,"options":{"engine":"r","warning":false,"message":false,"label":"unnamed-chunk-2","dev":"png"},"document_id":"C27559D8","chunk_id":"c3cytzcl0k3ab","chunk_label":"unnamed-chunk-2"},{"row":53,"row_count":1,"visible":true,"expansion_state":0,"options":{"engine":"r","label":"unnamed-chunk-3","dev":"png"},"document_id":"DA0176CF","chunk_id":"c2ze2bi9b4za7","chunk_label":"unnamed-chunk-3"},{"row":63,"row_count":1,"visible":true,"expansion_state":0,"options":{"engine":"r","label":"unnamed-chunk-4","dev":"png"},"document_id":"C27559D8","chunk_id":"c10zzj4o7d9t7","chunk_label":"unnamed-chunk-4"},{"row":69,"row_count":1,"visible":true,"expansion_state":0,"options":{"engine":"r","label":"unnamed-chunk-5","dev":"png"},"document_id":"C27559D8","chunk_id":"ccu75s222ru51","chunk_label":"unnamed-chunk-5"},{"row":82,"row_count":1,"visible":true,"expansion_state":0,"options":{"engine":"r","label":"unnamed-chunk-6","dev":"png"},"document_id":"C27559D8","chunk_id":"cjqz038fkdsix","chunk_label":"unnamed-chunk-6"},{"row":90,"row_count":1,"visible":true,"expansion_state":0,"options":{"engine":"r","label":"unnamed-chunk-7","dev":"png"},"document_id":"C27559D8","chunk_id":"c1pwbhe1ns7c5","chunk_label":"unnamed-chunk-7"},{"row":103,"row_count":1,"visible":true,"expansion_state":0,"options":{"engine":"r","label":"unnamed-chunk-8","dev":"png"},"document_id":"C27559D8","chunk_id":"craaa08h27zsg","chunk_label":"unnamed-chunk-8"},{"row":119,"row_count":1,"visible":true,"expansion_state":0,"options":{"engine":"r","label":"pressure","echo":false,"warning":false,"message":false,"dev":"png"},"document_id":"C27559D8","chunk_id":"crnlbnvhba4zm","chunk_label":"pressure"},{"row":133,"row_count":1,"visible":true,"expansion_state":0,"options":{"engine":"r","label":"unnamed-chunk-9","dev":"png"},"document_id":"C27559D8","chunk_id":"c45av3qwc3d9h","chunk_label":"unnamed-chunk-9"},{"row":145,"row_count":1,"visible":true,"expansion_state":0,"options":{"engine":"r","label":"unnamed-chunk-10","dev":"png"},"document_id":"C27559D8","chunk_id":"cxznmyctdc92l","chunk_label":"unnamed-chunk-10"},{"row":152,"row_count":1,"visible":true,"expansion_state":0,"options":{"engine":"r","label":"unnamed-chunk-11","dev":"png"},"document_id":"C27559D8","chunk_id":"cigstoll60j2k","chunk_label":"unnamed-chunk-11"},{"row":157,"row_count":1,"visible":true,"expansion_state":0,"options":{"engine":"r","label":"unnamed-chunk-12","dev":"png"},"document_id":"C27559D8","chunk_id":"csdkpqfssi2kt","chunk_label":"unnamed-chunk-12"},{"row":162,"row_count":1,"visible":true,"expansion_state":0,"options":{"engine":"r","label":"unnamed-chunk-13","dev":"png"},"document_id":"C27559D8","chunk_id":"cc0nsk99becnm","chunk_label":"unnamed-chunk-13"},{"row":172,"row_count":1,"visible":true,"expansion_state":0,"options":{"engine":"r","label":"unnamed-chunk-14","dev":"png"},"document_id":"C27559D8","chunk_id":"ccnra6i1d48h3","chunk_label":"unnamed-chunk-14"},{"row":182,"row_count":1,"visible":true,"expansion_state":0,"options":{"engine":"r","label":"unnamed-chunk-15","dev":"png"},"document_id":"C27559D8","chunk_id":"cv0190twepi6w","chunk_label":"unnamed-chunk-15"},{"row":191,"row_count":1,"visible":true,"expansion_state":0,"options":{"engine":"r","label":"unnamed-chunk-16","dev":"png"},"document_id":"C27559D8","chunk_id":"cfk4ftf30116q","chunk_label":"unnamed-chunk-16"},{"row":202,"row_count":1,"visible":true,"expansion_state":0,"options":{"engine":"r","label":"unnamed-chunk-17","dev":"png"},"document_id":"C27559D8","chunk_id":"c3l5vli4i108t","chunk_label":"unnamed-chunk-17"},{"row":208,"row_count":1,"visible":true,"expansion_state":0,"options":{"engine":"r","label":"unnamed-chunk-18","dev":"png"},"document_id":"C27559D8","chunk_id":"ctkeoy74x7iml","chunk_label":"unnamed-chunk-18"},{"row":213,"row_count":1,"visible":true,"expansion_state":0,"options":{"engine":"r","label":"unnamed-chunk-19","dev":"png"},"document_id":"C27559D8","chunk_id":"cedxh4l333xgz","chunk_label":"unnamed-chunk-19"},{"row":220,"row_count":1,"visible":true,"expansion_state":0,"options":{"engine":"r","label":"unnamed-chunk-20","dev":"png"},"document_id":"C27559D8","chunk_id":"cywms5dt0w7oc","chunk_label":"unnamed-chunk-20"},{"row":231,"row_count":1,"visible":true,"expansion_state":0,"options":{"engine":"r","label":"unnamed-chunk-21","dev":"png"},"document_id":"C27559D8","chunk_id":"cpgfx01n0rhgm","chunk_label":"unnamed-chunk-21"},{"row":241,"row_count":1,"visible":true,"expansion_state":0,"options":{"engine":"r","label":"unnamed-chunk-22","dev":"png"},"document_id":"C27559D8","chunk_id":"ck30y5ejok2ey","chunk_label":"unnamed-chunk-22"},{"row":250,"row_count":1,"visible":true,"expansion_state":0,"options":{"engine":"r","label":"unnamed-chunk-23","dev":"png"},"document_id":"C27559D8","chunk_id":"cbrdihwpzxpaa","chunk_label":"unnamed-chunk-23"},{"row":264,"row_count":1,"visible":true,"expansion_state":0,"options":{"engine":"r","label":"unnamed-chunk-24","dev":"png"},"document_id":"C27559D8","chunk_id":"cke41dy2npreb","chunk_label":"unnamed-chunk-24"},{"row":277,"row_count":1,"visible":true,"expansion_state":0,"options":{"engine":"r","warning":false,"label":"unnamed-chunk-25","dev":"png"},"document_id":"C27559D8","chunk_id":"c0trpbvw0ksqg","chunk_label":"unnamed-chunk-25"},{"row":282,"row_count":1,"visible":true,"expansion_state":0,"options":{"engine":"r","label":"unnamed-chunk-26","dev":"png"},"document_id":"C27559D8","chunk_id":"caujxs0t4swfy","chunk_label":"unnamed-chunk-26"},{"row":287,"row_count":1,"visible":true,"expansion_state":0,"options":{"engine":"r","warning":false,"label":"unnamed-chunk-27","dev":"png"},"document_id":"C27559D8","chunk_id":"csioak1gen9m8","chunk_label":"unnamed-chunk-27"},{"row":311,"row_count":1,"visible":true,"expansion_state":0,"options":{"engine":"r","warning":false,"message":false,"label":"unnamed-chunk-28","dev":"png"},"document_id":"C27559D8","chunk_id":"cgv60eho7vmkk","chunk_label":"unnamed-chunk-28"},{"row":315,"row_count":1,"visible":true,"expansion_state":0,"options":{},"document_id":"C27559D8","chunk_id":"cdt9b3y4nmc6c","chunk_label":"unnamed-chunk-29"},{"row":327,"row_count":1,"visible":true,"expansion_state":0,"options":{},"document_id":"C27559D8","chunk_id":"cnnyoxwccp193","chunk_label":"unnamed-chunk-30"},{"row":337,"row_count":1,"visible":true,"expansion_state":0,"options":{},"document_id":"C27559D8","chunk_id":"cqqz9431l52zf","chunk_label":"unnamed-chunk-31"},{"row":344,"row_count":1,"visible":true,"expansion_state":0,"options":{},"document_id":"C27559D8","chunk_id":"cssuguffw0ojc","chunk_label":"unnamed-chunk-32"},{"row":353,"row_count":1,"visible":true,"expansion_state":0,"options":{},"document_id":"C27559D8","chunk_id":"cxdlf3jbhoh59","chunk_label":"unnamed-chunk-33"},{"row":359,"row_count":1,"visible":true,"expansion_state":0,"options":{},"document_id":"C27559D8","chunk_id":"cytxnnx5mqqem","chunk_label":"unnamed-chunk-34"},{"row":366,"row_count":1,"visible":true,"expansion_state":0,"options":{},"document_id":"C27559D8","chunk_id":"cq8549x8zd2z6","chunk_label":"unnamed-chunk-35"},{"row":370,"row_count":1,"visible":true,"expansion_state":0,"options":{},"document_id":"C27559D8","chunk_id":"c83uuig9ra9k9","chunk_label":"unnamed-chunk-36"},{"row":379,"row_count":1,"visible":true,"expansion_state":0,"options":{},"document_id":"C27559D8","chunk_id":"c8qerzxrxk2ud","chunk_label":"unnamed-chunk-37"},{"row":392,"row_count":1,"visible":true,"expansion_state":0,"options":{},"document_id":"C27559D8","chunk_id":"cjsnv6g9c23q6","chunk_label":"unnamed-chunk-38"},{"row":398,"row_count":1,"visible":true,"expansion_state":0,"options":{},"document_id":"C27559D8","chunk_id":"crxiyu0eteb35","chunk_label":"unnamed-chunk-39"},{"row":411,"row_count":1,"visible":true,"expansion_state":0,"options":{},"document_id":"C27559D8","chunk_id":"csj6rekhxscu6","chunk_label":"unnamed-chunk-40"},{"row":424,"row_count":1,"visible":true,"expansion_state":0,"options":{},"document_id":"C27559D8","chunk_id":"cm8v8fnl75ff2","chunk_label":"unnamed-chunk-41"},{"row":434,"row_count":1,"visible":true,"expansion_state":0,"options":{},"document_id":"C27559D8","chunk_id":"c1vuvgo6k0z7t","chunk_label":"unnamed-chunk-42"},{"row":440,"row_count":1,"visible":true,"expansion_state":0,"options":{},"document_id":"C27559D8","chunk_id":"cccr5c3muhz3t","chunk_label":"unnamed-chunk-43"},{"row":443,"row_count":1,"visible":true,"expansion_state":0,"options":{},"document_id":"C27559D8","chunk_id":"cr9gptriyt0c0","chunk_label":"unnamed-chunk-44"},{"row":456,"row_count":1,"visible":true,"expansion_state":0,"options":{},"document_id":"C27559D8","chunk_id":"c0ex0ql6304lz","chunk_label":"unnamed-chunk-45"},{"row":466,"row_count":1,"visible":true,"expansion_state":0,"options":{},"document_id":"C27559D8","chunk_id":"c11m7357e60g3","chunk_label":"unnamed-chunk-46"},{"row":475,"row_count":1,"visible":true,"expansion_state":0,"options":{},"document_id":"C27559D8","chunk_id":"cw2dgufpjh8xd","chunk_label":"unnamed-chunk-47"},{"row":485,"row_count":1,"visible":true,"expansion_state":0,"options":{},"document_id":"C27559D8","chunk_id":"ckwpsakabewn6","chunk_label":"unnamed-chunk-48"}],"doc_write_time":1704909275,"working_dir":null,"default_chunk_options":{"echo":true}}