{"chunk_definitions":[{"row":40,"row_count":1,"visible":true,"expansion_state":0,"options":{"engine":"r","message":false,"warning":false,"label":"unnamed-chunk-74","dev":"png"},"document_id":"AB72191F","chunk_id":"c4g6k3givqujw","chunk_label":"unnamed-chunk-1"},{"row":50,"row_count":1,"visible":true,"expansion_state":0,"options":{"engine":"r","label":"unnamed-chunk-75","dev":"png"},"document_id":"AB72191F","chunk_id":"cd6utpeemhgem","chunk_label":"unnamed-chunk-2"},{"row":60,"row_count":1,"visible":true,"expansion_state":0,"options":{"engine":"r","message":false,"label":"unnamed-chunk-76","dev":"png"},"document_id":"AB72191F","chunk_id":"c5pksneoggt6q","chunk_label":"unnamed-chunk-3"},{"row":84,"row_count":1,"visible":true,"expansion_state":0,"options":{"engine":"r","label":"unnamed-chunk-79","dev":"png"},"document_id":"AB72191F","chunk_id":"cw9na0nwepujm","chunk_label":"unnamed-chunk-5"},{"row":96,"row_count":1,"visible":true,"expansion_state":0,"options":{"engine":"r","label":"unnamed-chunk-82","dev":"png"},"document_id":"AB72191F","chunk_id":"czx6vskeeqp2l","chunk_label":"unnamed-chunk-7"},{"row":104,"row_count":1,"visible":true,"expansion_state":0,"options":{"engine":"r","label":"unnamed-chunk-83","dev":"png"},"document_id":"AB72191F","chunk_id":"cne3nelygm0z0","chunk_label":"unnamed-chunk-8"},{"row":112,"row_count":1,"visible":true,"expansion_state":0,"options":{"engine":"r","label":"unnamed-chunk-80","column":"margin","dev":"png"},"document_id":"AB72191F","chunk_id":"cf1h7o8oec3li","chunk_label":"unnamed-chunk-9"},{"row":136,"row_count":1,"visible":true,"expansion_state":0,"options":{"engine":"r","label":"pressure","echo":false,"warning":false,"message":false,"dev":"png"},"document_id":"AB72191F","chunk_id":"cjaf9tknixk60","chunk_label":"unnamed-chunk-11"},{"row":156,"row_count":1,"visible":true,"expansion_state":0,"options":{"engine":"r","label":"unnamed-chunk-84","dev":"png"},"document_id":"AB72191F","chunk_id":"cakuyp440nxmr","chunk_label":"pressure"},{"row":175,"row_count":1,"visible":true,"expansion_state":0,"options":{"engine":"r","label":"unnamed-chunk-86","dev":"png"},"document_id":"AB72191F","chunk_id":"csei86djir661","chunk_label":"unnamed-chunk-12"},{"row":187,"row_count":1,"visible":true,"expansion_state":0,"options":{"engine":"r","label":"unnamed-chunk-88","dev":"png"},"document_id":"AB72191F","chunk_id":"clacda0bywyks","chunk_label":"unnamed-chunk-13"},{"row":225,"row_count":1,"visible":true,"expansion_state":0,"options":{"engine":"r","warning":false,"echo":false,"label":"unnamed-chunk-89","dev":"png"},"document_id":"AB72191F","chunk_id":"ctmq2imhwn6hz","chunk_label":"unnamed-chunk-16"},{"row":240,"row_count":1,"visible":true,"expansion_state":0,"options":{"engine":"r","label":"unnamed-chunk-93","dev":"png"},"document_id":"AB72191F","chunk_id":"cok47powc59u8","chunk_label":"unnamed-chunk-17"},{"row":255,"row_count":1,"visible":true,"expansion_state":0,"options":{"engine":"r","label":"unnamed-chunk-94","dev":"png"},"document_id":"AB72191F","chunk_id":"ca0xjwo06e3f8","chunk_label":"unnamed-chunk-18"},{"row":288,"row_count":1,"visible":true,"expansion_state":0,"options":{"engine":"r","echo":false,"label":"unnamed-chunk-96","dev":"png"},"document_id":"AB72191F","chunk_id":"csb20folc9gwo","chunk_label":"unnamed-chunk-20"},{"row":319,"row_count":1,"visible":true,"expansion_state":0,"options":{"engine":"r","echo":false,"label":"unnamed-chunk-98","dev":"png"},"document_id":"AB72191F","chunk_id":"crzw81zzfq4tf","chunk_label":"unnamed-chunk-21"},{"row":351,"row_count":1,"visible":true,"expansion_state":0,"options":{"engine":"r","label":"unnamed-chunk-101","dev":"png"},"document_id":"AB72191F","chunk_id":"csl2non155s6o","chunk_label":"unnamed-chunk-24"},{"row":381,"row_count":1,"visible":true,"expansion_state":0,"options":{"engine":"r","label":"unnamed-chunk-102","dev":"png"},"document_id":"AB72191F","chunk_id":"cil7fzmrfaapa","chunk_label":"unnamed-chunk-25"},{"row":423,"row_count":1,"visible":true,"expansion_state":0,"options":{"engine":"r","echo":false,"label":"unnamed-chunk-105","column":"margin","dev":"png"},"document_id":"AB72191F","chunk_id":"c705j54zgp6a9","chunk_label":"unnamed-chunk-28"},{"row":446,"row_count":1,"visible":true,"expansion_state":0,"options":{"engine":"r","label":"unnamed-chunk-106","column":"margin","dev":"png"},"document_id":"AB72191F","chunk_id":"cqxrtllqdc28p","chunk_label":"unnamed-chunk-29"},{"row":454,"row_count":1,"visible":true,"expansion_state":0,"options":{"engine":"r","label":"unnamed-chunk-110","column":"margin","dev":"png"},"document_id":"AB72191F","chunk_id":"cbkcuq6jixi3i","chunk_label":"unnamed-chunk-30"},{"row":484,"row_count":1,"visible":true,"expansion_state":0,"options":{"engine":"r","label":"unnamed-chunk-113","dev":"png"},"document_id":"AB72191F","chunk_id":"c5ye0ers2x5r9","chunk_label":"unnamed-chunk-33"},{"row":519,"row_count":1,"visible":true,"expansion_state":0,"options":{"engine":"r","label":"unnamed-chunk-112","dev":"png"},"document_id":"AB72191F","chunk_id":"cvdty6lxohvgf","chunk_label":"unnamed-chunk-37"},{"row":533,"row_count":1,"visible":true,"expansion_state":0,"options":{"engine":"r","label":"unnamed-chunk-115","dev":"png"},"document_id":"AB72191F","chunk_id":"cdc3s2bdhcxqr","chunk_label":"unnamed-chunk-38"},{"row":548,"row_count":1,"visible":true,"expansion_state":0,"options":{"engine":"r","label":"unnamed-chunk-116","column":"margin","dev":"png"},"document_id":"AB72191F","chunk_id":"cfl59611325t5","chunk_label":"unnamed-chunk-39"},{"row":633,"row_count":1,"visible":true,"expansion_state":0,"options":{"engine":"r","label":"unnamed-chunk-123","dev":"png"},"document_id":"AB72191F","chunk_id":"chn6iqb4mhh79","chunk_label":"unnamed-chunk-43"}],"doc_write_time":1705403982,"chunk_rendered_width":700}