{"chunk_definitions":[{"row":39,"row_count":1,"visible":true,"expansion_state":0,"options":{"engine":"r","message":false,"warning":false,"label":"unnamed-chunk-74","dev":"png"},"document_id":"AB72191F","chunk_id":"c4g6k3givqujw","chunk_label":"unnamed-chunk-1"},{"row":48,"row_count":1,"visible":true,"expansion_state":0,"options":{"engine":"r","label":"unnamed-chunk-75","dev":"png"},"document_id":"AB72191F","chunk_id":"cd6utpeemhgem","chunk_label":"unnamed-chunk-2"},{"row":56,"row_count":1,"visible":true,"expansion_state":0,"options":{"engine":"r","message":false,"label":"unnamed-chunk-76","dev":"png"},"document_id":"AB72191F","chunk_id":"c5pksneoggt6q","chunk_label":"unnamed-chunk-3"},{"row":73,"row_count":1,"visible":true,"expansion_state":0,"options":{"engine":"r","echo":false,"label":"unnamed-chunk-78","column":"margin","dev":"png"},"document_id":"AB72191F","chunk_id":"csncxf1vfu0nu","chunk_label":"unnamed-chunk-5"},{"row":76,"row_count":1,"visible":true,"expansion_state":0,"options":{"engine":"r","label":"unnamed-chunk-79","dev":"png"},"document_id":"AB72191F","chunk_id":"cw9na0nwepujm","chunk_label":"unnamed-chunk-6"},{"row":85,"row_count":1,"visible":true,"expansion_state":0,"options":{"engine":"r","label":"unnamed-chunk-80","column":"margin","dev":"png"},"document_id":"AB72191F","chunk_id":"cf1h7o8oec3li","chunk_label":"unnamed-chunk-7"},{"row":91,"row_count":1,"visible":true,"expansion_state":0,"options":{"engine":"r","label":"unnamed-chunk-81","dev":"png"},"document_id":"AB72191F","chunk_id":"cu7kae32y37qj","chunk_label":"unnamed-chunk-8"},{"row":96,"row_count":1,"visible":true,"expansion_state":0,"options":{"engine":"r","label":"unnamed-chunk-82","dev":"png"},"document_id":"AB72191F","chunk_id":"czx6vskeeqp2l","chunk_label":"unnamed-chunk-9"},{"row":104,"row_count":1,"visible":true,"expansion_state":0,"options":{"engine":"r","label":"unnamed-chunk-83","dev":"png"},"document_id":"AB72191F","chunk_id":"cne3nelygm0z0","chunk_label":"unnamed-chunk-10"},{"row":117,"row_count":1,"visible":true,"expansion_state":0,"options":{"engine":"r","label":"unnamed-chunk-84","dev":"png"},"document_id":"AB72191F","chunk_id":"cakuyp440nxmr","chunk_label":"unnamed-chunk-11"},{"row":136,"row_count":1,"visible":true,"expansion_state":0,"options":{"engine":"r","label":"pressure","echo":false,"warning":false,"message":false,"dev":"png"},"document_id":"AB72191F","chunk_id":"cjaf9tknixk60","chunk_label":"pressure"},{"row":154,"row_count":1,"visible":true,"expansion_state":0,"options":{"engine":"r","label":"unnamed-chunk-85","dev":"png"},"document_id":"AB72191F","chunk_id":"ckc06yszpbznu","chunk_label":"unnamed-chunk-12"},{"row":164,"row_count":1,"visible":true,"expansion_state":0,"options":{"engine":"r","label":"unnamed-chunk-86","dev":"png"},"document_id":"AB72191F","chunk_id":"csei86djir661","chunk_label":"unnamed-chunk-13"},{"row":178,"row_count":1,"visible":true,"expansion_state":0,"options":{"engine":"r","label":"unnamed-chunk-87","dev":"png"},"document_id":"AB72191F","chunk_id":"cimpi33mix3a2","chunk_label":"unnamed-chunk-14"},{"row":183,"row_count":1,"visible":true,"expansion_state":0,"options":{"engine":"r","label":"unnamed-chunk-88","dev":"png"},"document_id":"AB72191F","chunk_id":"clacda0bywyks","chunk_label":"unnamed-chunk-15"},{"row":191,"row_count":1,"visible":true,"expansion_state":0,"options":{"engine":"r","warning":false,"echo":false,"label":"unnamed-chunk-89","dev":"png"},"document_id":"AB72191F","chunk_id":"ctmq2imhwn6hz","chunk_label":"fig-main"},{"row":196,"row_count":1,"visible":true,"expansion_state":0,"options":{"engine":"r","label":"unnamed-chunk-90","dev":"png"},"document_id":"AB72191F","chunk_id":"cm8yvmbuw9qgq","chunk_label":"unnamed-chunk-16"},{"row":210,"row_count":1,"visible":true,"expansion_state":0,"options":{"engine":"r","label":"unnamed-chunk-91","dev":"png"},"document_id":"AB72191F","chunk_id":"cotbiy3bshnfo","chunk_label":"unnamed-chunk-17"},{"row":226,"row_count":1,"visible":true,"expansion_state":0,"options":{"engine":"r","label":"unnamed-chunk-92","dev":"png"},"document_id":"AB72191F","chunk_id":"c7z8bvzkow4nd","chunk_label":"unnamed-chunk-18"},{"row":239,"row_count":1,"visible":true,"expansion_state":0,"options":{"engine":"r","label":"unnamed-chunk-93","dev":"png"},"document_id":"AB72191F","chunk_id":"cok47powc59u8","chunk_label":"unnamed-chunk-19"},{"row":254,"row_count":1,"visible":true,"expansion_state":0,"options":{"engine":"r","label":"unnamed-chunk-94","dev":"png"},"document_id":"AB72191F","chunk_id":"ca0xjwo06e3f8","chunk_label":"unnamed-chunk-20"},{"row":283,"row_count":1,"visible":true,"expansion_state":0,"options":{"engine":"r","label":"unnamed-chunk-95","dev":"png"},"document_id":"AB72191F","chunk_id":"cftj70asjiz54","chunk_label":"unnamed-chunk-21"},{"row":288,"row_count":1,"visible":true,"expansion_state":0,"options":{"engine":"r","echo":false,"label":"unnamed-chunk-96","dev":"png"},"document_id":"AB72191F","chunk_id":"csb20folc9gwo","chunk_label":"unnamed-chunk-22"},{"row":301,"row_count":1,"visible":true,"expansion_state":0,"options":{"engine":"r","echo":false,"label":"unnamed-chunk-97","dev":"png"},"document_id":"AB72191F","chunk_id":"c0qpripspzfcp","chunk_label":"unnamed-chunk-23"},{"row":313,"row_count":1,"visible":true,"expansion_state":0,"options":{"engine":"r","echo":false,"label":"unnamed-chunk-98","dev":"png"},"document_id":"AB72191F","chunk_id":"crzw81zzfq4tf","chunk_label":"unnamed-chunk-24"},{"row":339,"row_count":1,"visible":true,"expansion_state":0,"options":{"engine":"r","echo":false,"label":"unnamed-chunk-99","dev":"png"},"document_id":"AB72191F","chunk_id":"cda3kcvnfgdz7","chunk_label":"unnamed-chunk-25"},{"row":343,"row_count":1,"visible":true,"expansion_state":0,"options":{"engine":"r","label":"unnamed-chunk-100","dev":"png"},"document_id":"AB72191F","chunk_id":"c553rta62ww95","chunk_label":"unnamed-chunk-26"},{"row":350,"row_count":1,"visible":true,"expansion_state":0,"options":{"engine":"r","label":"unnamed-chunk-101","dev":"png"},"document_id":"AB72191F","chunk_id":"csl2non155s6o","chunk_label":"unnamed-chunk-27"},{"row":376,"row_count":1,"visible":true,"expansion_state":0,"options":{"engine":"r","label":"unnamed-chunk-102","dev":"png"},"document_id":"AB72191F","chunk_id":"cil7fzmrfaapa","chunk_label":"unnamed-chunk-28"},{"row":398,"row_count":1,"visible":true,"expansion_state":0,"options":{"engine":"r","warning":false,"message":false,"label":"unnamed-chunk-103","dev":"png"},"document_id":"AB72191F","chunk_id":"ct2vsrisrevb7","chunk_label":"unnamed-chunk-29"},{"row":406,"row_count":1,"visible":true,"expansion_state":0,"options":{"engine":"r","echo":false,"label":"unnamed-chunk-104","dev":"png"},"document_id":"AB72191F","chunk_id":"cyqr3g0kxal2u","chunk_label":"unnamed-chunk-30"},{"row":419,"row_count":1,"visible":true,"expansion_state":0,"options":{"engine":"r","echo":false,"label":"unnamed-chunk-105","column":"margin","dev":"png"},"document_id":"AB72191F","chunk_id":"c705j54zgp6a9","chunk_label":"unnamed-chunk-31"},{"row":426,"row_count":1,"visible":true,"expansion_state":0,"options":{"engine":"r","label":"unnamed-chunk-106","column":"margin","dev":"png"},"document_id":"AB72191F","chunk_id":"cqxrtllqdc28p","chunk_label":"unnamed-chunk-32"},{"row":431,"row_count":1,"visible":true,"expansion_state":0,"options":{"engine":"r","label":"unnamed-chunk-107","dev":"png"},"document_id":"AB72191F","chunk_id":"c9knj3th94dht","chunk_label":"unnamed-chunk-33"},{"row":438,"row_count":1,"visible":true,"expansion_state":0,"options":{"engine":"r","label":"unnamed-chunk-108","column":"margin","dev":"png"},"document_id":"AB72191F","chunk_id":"csrsbppcaglc7","chunk_label":"unnamed-chunk-34"},{"row":444,"row_count":1,"visible":true,"expansion_state":0,"options":{"engine":"r","label":"unnamed-chunk-109","column":"margin","dev":"png"},"document_id":"AB72191F","chunk_id":"c5k8b5r8j27vx","chunk_label":"unnamed-chunk-35"},{"row":450,"row_count":1,"visible":true,"expansion_state":0,"options":{"engine":"r","label":"unnamed-chunk-110","column":"margin","dev":"png"},"document_id":"AB72191F","chunk_id":"cbkcuq6jixi3i","chunk_label":"unnamed-chunk-36"},{"row":460,"row_count":1,"visible":true,"expansion_state":0,"options":{"engine":"r","echo":false,"label":"unnamed-chunk-111","dev":"png"},"document_id":"AB72191F","chunk_id":"ch4c9eflmc7i9","chunk_label":"unnamed-chunk-37"},{"row":472,"row_count":1,"visible":true,"expansion_state":0,"options":{"engine":"r","label":"unnamed-chunk-112","dev":"png"},"document_id":"AB72191F","chunk_id":"cvdty6lxohvgf","chunk_label":"unnamed-chunk-38"},{"row":483,"row_count":1,"visible":true,"expansion_state":0,"options":{"engine":"r","label":"unnamed-chunk-113","dev":"png"},"document_id":"AB72191F","chunk_id":"c5ye0ers2x5r9","chunk_label":"unnamed-chunk-39"},{"row":517,"row_count":1,"visible":true,"expansion_state":0,"options":{"engine":"r","label":"unnamed-chunk-114","dev":"png"},"document_id":"AB72191F","chunk_id":"ch5aq7cl5i38u","chunk_label":"unnamed-chunk-40"},{"row":528,"row_count":1,"visible":true,"expansion_state":0,"options":{"engine":"r","label":"unnamed-chunk-115","dev":"png"},"document_id":"AB72191F","chunk_id":"cdc3s2bdhcxqr","chunk_label":"unnamed-chunk-41"},{"row":549,"row_count":1,"visible":true,"expansion_state":0,"options":{"engine":"r","label":"unnamed-chunk-116","column":"margin","dev":"png"},"document_id":"AB72191F","chunk_id":"cfl59611325t5","chunk_label":"unnamed-chunk-42"},{"row":557,"row_count":1,"visible":true,"expansion_state":0,"options":{"engine":"r","label":"unnamed-chunk-117","dev":"png"},"document_id":"AB72191F","chunk_id":"c8efk5140759c","chunk_label":"unnamed-chunk-43"},{"row":564,"row_count":1,"visible":true,"expansion_state":0,"options":{"engine":"r","label":"unnamed-chunk-118","dev":"png"},"document_id":"AB72191F","chunk_id":"cwur6t8djq21v","chunk_label":"unnamed-chunk-44"},{"row":570,"row_count":1,"visible":true,"expansion_state":0,"options":{"engine":"r","label":"unnamed-chunk-119","dev":"png"},"document_id":"AB72191F","chunk_id":"cvka9xfjxzdec","chunk_label":"unnamed-chunk-45"},{"row":581,"row_count":1,"visible":true,"expansion_state":0,"options":{"engine":"r","label":"unnamed-chunk-120","dev":"png"},"document_id":"AB72191F","chunk_id":"cmivckkn6v0mp","chunk_label":"unnamed-chunk-46"},{"row":601,"row_count":1,"visible":true,"expansion_state":0,"options":{"engine":"r","label":"unnamed-chunk-121","dev":"png"},"document_id":"AB72191F","chunk_id":"c1plkwksdhu7w","chunk_label":"unnamed-chunk-47"},{"row":620,"row_count":1,"visible":true,"expansion_state":0,"options":{"engine":"r","echo":false,"label":"unnamed-chunk-122","dev":"png"},"document_id":"AB72191F","chunk_id":"ch2lfeqpj188r","chunk_label":"unnamed-chunk-48"},{"row":628,"row_count":1,"visible":true,"expansion_state":0,"options":{"engine":"r","label":"unnamed-chunk-123","dev":"png"},"document_id":"AB72191F","chunk_id":"chn6iqb4mhh79","chunk_label":"unnamed-chunk-49"},{"row":647,"row_count":1,"visible":true,"expansion_state":0,"options":{"engine":"r","echo":false,"label":"unnamed-chunk-124","dev":"png"},"document_id":"AB72191F","chunk_id":"cj58qwv8m0odt","chunk_label":"unnamed-chunk-50"},{"row":654,"row_count":1,"visible":true,"expansion_state":0,"options":{"engine":"r","label":"unnamed-chunk-125","dev":"png"},"document_id":"AB72191F","chunk_id":"ck0cvpv4foqza","chunk_label":"unnamed-chunk-51"},{"row":669,"row_count":1,"visible":true,"expansion_state":0,"options":{"engine":"r","echo":false,"label":"unnamed-chunk-126","dev":"png"},"document_id":"AB72191F","chunk_id":"ckkmlwweyd0xf","chunk_label":"unnamed-chunk-52"}],"doc_write_time":1705310513}