"0","## Điền giá trị khuyết với tên Russian"
"0","data3 <- data3 %>% "
"0","  mutate(nation = ifelse(is.na(nation), 'Russian', nation))"
"0","## Tạo biến continent với tên châu lục tương ứng với quốc gia"
"0","data3$continent <- countrycode(sourcevar = data3$nation, "
"0","                               origin = ""country.name"", "
"0","                               destination = ""continent"")"
"0",""
"0","## bỏ đi biến rank, ranking-institution-title, nation"
"0","data3 <- data3 %>% "
"0","  select(-c(rank, 'ranking-institution-title', nation))"
