{"chunk_definitions":[{"row":33,"row_count":1,"visible":true,"expansion_state":0,"options":{"engine":"r","message":false,"label":"unnamed-chunk-314","dev":"png"},"document_id":"AB72191F","chunk_id":"c4g6k3givqujw","chunk_label":"unnamed-chunk-1"},{"row":42,"row_count":1,"visible":true,"expansion_state":0,"options":{"engine":"r","label":"unnamed-chunk-315","dev":"png"},"document_id":"AB72191F","chunk_id":"cd6utpeemhgem","chunk_label":"unnamed-chunk-2"},{"row":50,"row_count":1,"visible":true,"expansion_state":0,"options":{"engine":"r","message":false,"label":"unnamed-chunk-316","dev":"png"},"document_id":"AB72191F","chunk_id":"c5pksneoggt6q","chunk_label":"unnamed-chunk-3"},{"row":64,"row_count":1,"visible":true,"expansion_state":0,"options":{"engine":"r","echo":false,"label":"unnamed-chunk-317","column":"margin","dev":"png"},"document_id":"AB72191F","chunk_id":"csncxf1vfu0nu","chunk_label":"unnamed-chunk-4"},{"row":67,"row_count":1,"visible":true,"expansion_state":0,"options":{"engine":"r","label":"unnamed-chunk-318","dev":"png"},"document_id":"AB72191F","chunk_id":"cw9na0nwepujm","chunk_label":"unnamed-chunk-5"},{"row":76,"row_count":1,"visible":true,"expansion_state":0,"options":{"engine":"r","label":"unnamed-chunk-319","column":"margin","dev":"png"},"document_id":"AB72191F","chunk_id":"cf1h7o8oec3li","chunk_label":"unnamed-chunk-6"},{"row":82,"row_count":1,"visible":true,"expansion_state":0,"options":{"engine":"r","label":"unnamed-chunk-320","dev":"png"},"document_id":"AB72191F","chunk_id":"cu7kae32y37qj","chunk_label":"unnamed-chunk-7"},{"row":87,"row_count":1,"visible":true,"expansion_state":0,"options":{"engine":"r","label":"unnamed-chunk-321","dev":"png"},"document_id":"AB72191F","chunk_id":"czx6vskeeqp2l","chunk_label":"unnamed-chunk-8"},{"row":95,"row_count":1,"visible":true,"expansion_state":0,"options":{"engine":"r","label":"unnamed-chunk-322","dev":"png"},"document_id":"AB72191F","chunk_id":"cne3nelygm0z0","chunk_label":"unnamed-chunk-9"},{"row":108,"row_count":1,"visible":true,"expansion_state":0,"options":{"engine":"r","label":"unnamed-chunk-323","dev":"png"},"document_id":"AB72191F","chunk_id":"cakuyp440nxmr","chunk_label":"unnamed-chunk-10"},{"row":127,"row_count":1,"visible":true,"expansion_state":0,"options":{"engine":"r","label":"pressure","echo":false,"warning":false,"message":false,"dev":"png"},"document_id":"AB72191F","chunk_id":"cjaf9tknixk60","chunk_label":"pressure"},{"row":145,"row_count":1,"visible":true,"expansion_state":0,"options":{"engine":"r","label":"unnamed-chunk-324","dev":"png"},"document_id":"AB72191F","chunk_id":"ckc06yszpbznu","chunk_label":"unnamed-chunk-11"},{"row":155,"row_count":1,"visible":true,"expansion_state":0,"options":{"engine":"r","label":"unnamed-chunk-325","dev":"png"},"document_id":"AB72191F","chunk_id":"csei86djir661","chunk_label":"unnamed-chunk-12"},{"row":169,"row_count":1,"visible":true,"expansion_state":0,"options":{"engine":"r","label":"unnamed-chunk-326","dev":"png"},"document_id":"AB72191F","chunk_id":"cimpi33mix3a2","chunk_label":"unnamed-chunk-13"},{"row":174,"row_count":1,"visible":true,"expansion_state":0,"options":{"engine":"r","label":"unnamed-chunk-327","dev":"png"},"document_id":"AB72191F","chunk_id":"clacda0bywyks","chunk_label":"unnamed-chunk-14"},{"row":182,"row_count":1,"visible":true,"expansion_state":0,"options":{"engine":"r","warning":false,"echo":false,"label":"unnamed-chunk-328","dev":"png"},"document_id":"AB72191F","chunk_id":"ctmq2imhwn6hz","chunk_label":"fig-main"},{"row":187,"row_count":1,"visible":true,"expansion_state":0,"options":{"engine":"r","label":"unnamed-chunk-329","dev":"png"},"document_id":"AB72191F","chunk_id":"cm8yvmbuw9qgq","chunk_label":"unnamed-chunk-15"},{"row":201,"row_count":1,"visible":true,"expansion_state":0,"options":{"engine":"r","label":"unnamed-chunk-330","dev":"png"},"document_id":"AB72191F","chunk_id":"cotbiy3bshnfo","chunk_label":"unnamed-chunk-16"},{"row":217,"row_count":1,"visible":true,"expansion_state":0,"options":{"engine":"r","label":"unnamed-chunk-331","dev":"png"},"document_id":"AB72191F","chunk_id":"c7z8bvzkow4nd","chunk_label":"unnamed-chunk-17"},{"row":230,"row_count":1,"visible":true,"expansion_state":0,"options":{"engine":"r","label":"unnamed-chunk-332","dev":"png"},"document_id":"AB72191F","chunk_id":"cok47powc59u8","chunk_label":"unnamed-chunk-18"},{"row":245,"row_count":1,"visible":true,"expansion_state":0,"options":{"engine":"r","label":"unnamed-chunk-333","dev":"png"},"document_id":"AB72191F","chunk_id":"ca0xjwo06e3f8","chunk_label":"unnamed-chunk-19"},{"row":274,"row_count":1,"visible":true,"expansion_state":0,"options":{"engine":"r","label":"unnamed-chunk-334","dev":"png"},"document_id":"AB72191F","chunk_id":"cftj70asjiz54","chunk_label":"unnamed-chunk-20"},{"row":279,"row_count":1,"visible":true,"expansion_state":0,"options":{"engine":"r","echo":false,"label":"unnamed-chunk-335","dev":"png"},"document_id":"AB72191F","chunk_id":"csb20folc9gwo","chunk_label":"unnamed-chunk-21"},{"row":292,"row_count":1,"visible":true,"expansion_state":0,"options":{"engine":"r","echo":false,"label":"unnamed-chunk-336","dev":"png"},"document_id":"AB72191F","chunk_id":"c0qpripspzfcp","chunk_label":"unnamed-chunk-22"},{"row":304,"row_count":1,"visible":true,"expansion_state":0,"options":{"engine":"r","echo":false,"label":"unnamed-chunk-337","dev":"png"},"document_id":"AB72191F","chunk_id":"crzw81zzfq4tf","chunk_label":"unnamed-chunk-23"},{"row":330,"row_count":1,"visible":true,"expansion_state":0,"options":{"engine":"r","echo":false,"label":"unnamed-chunk-338","dev":"png"},"document_id":"AB72191F","chunk_id":"cda3kcvnfgdz7","chunk_label":"unnamed-chunk-24"},{"row":334,"row_count":1,"visible":true,"expansion_state":0,"options":{"engine":"r","label":"unnamed-chunk-339","dev":"png"},"document_id":"AB72191F","chunk_id":"c553rta62ww95","chunk_label":"unnamed-chunk-25"},{"row":341,"row_count":1,"visible":true,"expansion_state":0,"options":{"engine":"r","label":"unnamed-chunk-340","dev":"png"},"document_id":"AB72191F","chunk_id":"csl2non155s6o","chunk_label":"unnamed-chunk-26"},{"row":356,"row_count":1,"visible":true,"expansion_state":0,"options":{"engine":"r","label":"unnamed-chunk-341","column":"margin","dev":"png"},"document_id":"AB72191F","chunk_id":"cw09z7suksoiw","chunk_label":"unnamed-chunk-27"},{"row":364,"row_count":1,"visible":true,"expansion_state":0,"options":{"engine":"r","label":"unnamed-chunk-342","dev":"png"},"document_id":"AB72191F","chunk_id":"ci4oappy7gjnz","chunk_label":"unnamed-chunk-28"},{"row":371,"row_count":1,"visible":true,"expansion_state":0,"options":{"engine":"r","label":"unnamed-chunk-343","column":"margin","dev":"png"},"document_id":"AB72191F","chunk_id":"cx0t4qy8q8a8b","chunk_label":"unnamed-chunk-29"},{"row":376,"row_count":1,"visible":true,"expansion_state":0,"options":{"engine":"r","label":"unnamed-chunk-344","column":"margin","dev":"png"},"document_id":"AB72191F","chunk_id":"c6143n5cs0tl4","chunk_label":"unnamed-chunk-30"},{"row":381,"row_count":1,"visible":true,"expansion_state":0,"options":{"engine":"r","label":"unnamed-chunk-345","column":"margin","dev":"png"},"document_id":"AB72191F","chunk_id":"c8pkxuezmtvvd","chunk_label":"unnamed-chunk-31"},{"row":391,"row_count":1,"visible":true,"expansion_state":0,"options":{"engine":"r","echo":false,"label":"unnamed-chunk-346","dev":"png"},"document_id":"AB72191F","chunk_id":"ck6n5di77mepf","chunk_label":"unnamed-chunk-32"},{"row":403,"row_count":1,"visible":true,"expansion_state":0,"options":{"engine":"r","label":"unnamed-chunk-347","dev":"png"},"document_id":"AB72191F","chunk_id":"c9c6w96gvwnly","chunk_label":"unnamed-chunk-33"},{"row":414,"row_count":1,"visible":true,"expansion_state":0,"options":{"engine":"r","label":"unnamed-chunk-349","dev":"png"},"document_id":"AB72191F","chunk_id":"cy84zml72xuvp","chunk_label":"unnamed-chunk-34"},{"row":448,"row_count":1,"visible":true,"expansion_state":0,"options":{"engine":"r","label":"unnamed-chunk-301","dev":"png"},"document_id":"AB72191F","chunk_id":"cw3gerv9fmcyx","chunk_label":"unnamed-chunk-35"},{"row":470,"row_count":1,"visible":true,"expansion_state":0,"options":{"engine":"r","label":"unnamed-chunk-302","dev":"png"},"document_id":"AB72191F","chunk_id":"cutjdhvoo7y8j","chunk_label":"unnamed-chunk-36"},{"row":491,"row_count":1,"visible":true,"expansion_state":0,"options":{"engine":"r","label":"unnamed-chunk-303","column":"margin","dev":"png"},"document_id":"AB72191F","chunk_id":"ccxu9x9sybxgv","chunk_label":"unnamed-chunk-37"},{"row":499,"row_count":1,"visible":true,"expansion_state":0,"options":{"engine":"r","label":"unnamed-chunk-304","dev":"png"},"document_id":"AB72191F","chunk_id":"cvwvyhugzprfw","chunk_label":"unnamed-chunk-38"},{"row":524,"row_count":1,"visible":true,"expansion_state":0,"options":{"engine":"r","label":"unnamed-chunk-305","dev":"png"},"document_id":"AB72191F","chunk_id":"cxricliuz196n","chunk_label":"unnamed-chunk-39"},{"row":535,"row_count":1,"visible":true,"expansion_state":0,"options":{"engine":"r","label":"unnamed-chunk-312","dev":"png"},"document_id":"AB72191F","chunk_id":"ccd3y66lkl8vm","chunk_label":"unnamed-chunk-40"}],"doc_write_time":1705088633,"chunk_rendered_width":700}