"0","log_y_hat <- predict(new_model, newdata = extract_val)"
"0","BCTransformInverse <- function(yt, lambda=0) {"
"0","  if (lambda == 0L) { exp(yt) }"
"0","  else { exp(log(1 + lambda * yt)/lambda) }"
"0","}"
"0","y_hat <- BCTransformInverse(log_y_hat, 0)"
"0",""
"0",""
"0","y_hat[is.na(y_hat)]<- median(y_hat,na.rm=TRUE)"
"0","head(y_hat)"
"1","          1 "
"1","          2 "
"1","          3 "
"1","          4 "
"1","          5 "
"1","          6 "
"1","
"
"1","   790766.9 "
"1"," 85495282.5 "
"1"," 42825506.9 "
"1","111009160.6 "
"1","  6531049.2 "
"1"," 34814606.0 "
"1","
"
