{"chunk_definitions":[{"row":18,"row_count":1,"visible":true,"expansion_state":0,"options":{"engine":"r","warning":false,"message":false,"label":"unnamed-chunk-172","dev":"png"},"document_id":"C95B723C","chunk_id":"ca83za55z7wwt","chunk_label":"unnamed-chunk-1"},{"row":24,"row_count":1,"visible":true,"expansion_state":0,"options":{"engine":"r","message":false,"label":"unnamed-chunk-276","dev":"png"},"document_id":"C95B723C","chunk_id":"c3i6scye6ov5r","chunk_label":"unnamed-chunk-2"},{"row":25,"row_count":1,"visible":true,"expansion_state":0,"options":{"engine":"r","message":false,"label":"unnamed-chunk-173","dev":"png"},"document_id":"C95B723C","chunk_id":"cdcheuxujmqh3","chunk_label":"unnamed-chunk-2"},{"row":56,"row_count":1,"visible":true,"expansion_state":0,"options":{"engine":"r","label":"unnamed-chunk-174","dev":"png"},"document_id":"C95B723C","chunk_id":"c439dtqdnpcvp","chunk_label":"unnamed-chunk-3"},{"row":62,"row_count":1,"visible":true,"expansion_state":0,"options":{"engine":"r","label":"unnamed-chunk-175","dev":"png"},"document_id":"C95B723C","chunk_id":"c1himk9oelisf","chunk_label":"unnamed-chunk-4"},{"row":75,"row_count":1,"visible":true,"expansion_state":0,"options":{"engine":"r","label":"unnamed-chunk-176","dev":"png"},"document_id":"C95B723C","chunk_id":"cqjvt75o24cff","chunk_label":"unnamed-chunk-5"},{"row":89,"row_count":1,"visible":true,"expansion_state":0,"options":{"engine":"r","label":"unnamed-chunk-177","dev":"png"},"document_id":"C95B723C","chunk_id":"coflzi0t22gi3","chunk_label":"unnamed-chunk-6"},{"row":122,"row_count":1,"visible":true,"expansion_state":0,"options":{"engine":"r","label":"unnamed-chunk-178","dev":"png"},"document_id":"C95B723C","chunk_id":"c13yhrd9qbega","chunk_label":"unnamed-chunk-7"},{"row":125,"row_count":1,"visible":true,"expansion_state":0,"options":{"engine":"r","label":"unnamed-chunk-179","dev":"png"},"document_id":"C95B723C","chunk_id":"camqnmu70vsim","chunk_label":"unnamed-chunk-8"},{"row":133,"row_count":1,"visible":true,"expansion_state":0,"options":{"engine":"r","label":"unnamed-chunk-180","dev":"png"},"document_id":"C95B723C","chunk_id":"cfc7ijhnasfpv","chunk_label":"unnamed-chunk-9"},{"row":137,"row_count":1,"visible":true,"expansion_state":0,"options":{"engine":"r","echo":false,"label":"unnamed-chunk-181","dev":"png"},"document_id":"C95B723C","chunk_id":"czpqo4qmfcy83","chunk_label":"unnamed-chunk-10"},{"row":141,"row_count":1,"visible":true,"expansion_state":0,"options":{"engine":"r","label":"unnamed-chunk-182","dev":"png"},"document_id":"C95B723C","chunk_id":"c6fha92oqyk17","chunk_label":"unnamed-chunk-11"},{"row":148,"row_count":1,"visible":true,"expansion_state":0,"options":{"engine":"r","echo":false,"label":"unnamed-chunk-183","dev":"png"},"document_id":"C95B723C","chunk_id":"c9nxhgudgra33","chunk_label":"unnamed-chunk-12"},{"row":166,"row_count":1,"visible":true,"expansion_state":0,"options":{"engine":"r","label":"unnamed-chunk-184","dev":"png"},"document_id":"C95B723C","chunk_id":"c2amvdbe79a3m","chunk_label":"unnamed-chunk-13"},{"row":171,"row_count":1,"visible":true,"expansion_state":0,"options":{"engine":"r","label":"unnamed-chunk-185","dev":"png"},"document_id":"C95B723C","chunk_id":"c007iyu8zcclo","chunk_label":"unnamed-chunk-14"},{"row":188,"row_count":1,"visible":true,"expansion_state":0,"options":{"engine":"r","label":"unnamed-chunk-186","dev":"png"},"document_id":"C95B723C","chunk_id":"cz6bati3jp7zc","chunk_label":"unnamed-chunk-15"},{"row":196,"row_count":1,"visible":true,"expansion_state":0,"options":{"engine":"r","label":"unnamed-chunk-187","dev":"png"},"document_id":"C95B723C","chunk_id":"c1s6tto00bim5","chunk_label":"unnamed-chunk-16"},{"row":202,"row_count":1,"visible":true,"expansion_state":0,"options":{"engine":"r","label":"unnamed-chunk-188","dev":"png"},"document_id":"C95B723C","chunk_id":"cb00ru7zaew7u","chunk_label":"unnamed-chunk-17"},{"row":216,"row_count":1,"visible":true,"expansion_state":0,"options":{"engine":"r","label":"unnamed-chunk-189","dev":"png"},"document_id":"C95B723C","chunk_id":"cd1rblu1ttf3b","chunk_label":"unnamed-chunk-18"},{"row":229,"row_count":1,"visible":true,"expansion_state":0,"options":{"engine":"r","label":"unnamed-chunk-190","dev":"png"},"document_id":"C95B723C","chunk_id":"c60h7grj4qx3w","chunk_label":"unnamed-chunk-19"},{"row":244,"row_count":1,"visible":true,"expansion_state":0,"options":{"engine":"r","label":"unnamed-chunk-191","dev":"png"},"document_id":"C95B723C","chunk_id":"cuvlstw7yedqy","chunk_label":"unnamed-chunk-20"},{"row":270,"row_count":1,"visible":true,"expansion_state":0,"options":{"engine":"r","label":"unnamed-chunk-192","dev":"png"},"document_id":"C95B723C","chunk_id":"cyy8mh9pxyj71","chunk_label":"unnamed-chunk-21"},{"row":273,"row_count":1,"visible":true,"expansion_state":0,"options":{"engine":"r","label":"unnamed-chunk-193","dev":"png"},"document_id":"C95B723C","chunk_id":"c8ktmq0emj5wz","chunk_label":"unnamed-chunk-22"},{"row":287,"row_count":1,"visible":true,"expansion_state":0,"options":{"engine":"r","label":"unnamed-chunk-194","dev":"png"},"document_id":"C95B723C","chunk_id":"c0bnyeuaip073","chunk_label":"unnamed-chunk-23"},{"row":300,"row_count":1,"visible":true,"expansion_state":0,"options":{"engine":"r","label":"unnamed-chunk-195","dev":"png"},"document_id":"C95B723C","chunk_id":"ckpqxfiqfsz32","chunk_label":"unnamed-chunk-24"},{"row":319,"row_count":1,"visible":true,"expansion_state":0,"options":{"engine":"r","label":"unnamed-chunk-196","dev":"png"},"document_id":"C95B723C","chunk_id":"cojwxree8r8c4","chunk_label":"unnamed-chunk-25"},{"row":342,"row_count":1,"visible":true,"expansion_state":0,"options":{"engine":"r","label":"unnamed-chunk-197","dev":"png"},"document_id":"C95B723C","chunk_id":"c07fe9tkb8vc1","chunk_label":"unnamed-chunk-26"},{"row":371,"row_count":1,"visible":true,"expansion_state":0,"options":{"engine":"r","warning":false,"message":false,"label":"unnamed-chunk-198","dev":"png"},"document_id":"C95B723C","chunk_id":"cntj97gy9tmae","chunk_label":"unnamed-chunk-27"}],"doc_write_time":1705310174}