{"chunk_definitions":[{"row":30,"row_count":1,"visible":true,"expansion_state":0,"options":{"engine":"r","message":false,"label":"unnamed-chunk-39","dev":"png"},"document_id":"AB72191F","chunk_id":"c4g6k3givqujw","chunk_label":"unnamed-chunk-1"},{"row":35,"row_count":1,"visible":true,"expansion_state":0,"options":{"engine":"r","label":"unnamed-chunk-40","dev":"png"},"document_id":"AB72191F","chunk_id":"cd6utpeemhgem","chunk_label":"unnamed-chunk-2"},{"row":40,"row_count":1,"visible":true,"expansion_state":0,"options":{"engine":"r","message":false,"label":"unnamed-chunk-41","dev":"png"},"document_id":"AB72191F","chunk_id":"c5pksneoggt6q","chunk_label":"unnamed-chunk-3"},{"row":51,"row_count":1,"visible":true,"expansion_state":0,"options":{"engine":"r","label":"unnamed-chunk-42","dev":"png"},"document_id":"AB72191F","chunk_id":"cw9na0nwepujm","chunk_label":"unnamed-chunk-4"},{"row":59,"row_count":1,"visible":true,"expansion_state":0,"options":{"engine":"r","label":"unnamed-chunk-43","dev":"png"},"document_id":"AB72191F","chunk_id":"cf1h7o8oec3li","chunk_label":"unnamed-chunk-5"},{"row":65,"row_count":1,"visible":true,"expansion_state":0,"options":{"engine":"r","label":"unnamed-chunk-44","dev":"png"},"document_id":"AB72191F","chunk_id":"cu7kae32y37qj","chunk_label":"unnamed-chunk-6"},{"row":70,"row_count":1,"visible":true,"expansion_state":0,"options":{"engine":"r","label":"unnamed-chunk-45","dev":"png"},"document_id":"AB72191F","chunk_id":"czx6vskeeqp2l","chunk_label":"unnamed-chunk-7"},{"row":78,"row_count":1,"visible":true,"expansion_state":0,"options":{"engine":"r","label":"unnamed-chunk-46","dev":"png"},"document_id":"AB72191F","chunk_id":"cne3nelygm0z0","chunk_label":"unnamed-chunk-8"},{"row":91,"row_count":1,"visible":true,"expansion_state":0,"options":{"engine":"r","label":"unnamed-chunk-47","dev":"png"},"document_id":"AB72191F","chunk_id":"cakuyp440nxmr","chunk_label":"unnamed-chunk-9"},{"row":110,"row_count":1,"visible":true,"expansion_state":0,"options":{"engine":"r","label":"pressure","echo":false,"warning":false,"message":false,"dev":"png"},"document_id":"AB72191F","chunk_id":"cjaf9tknixk60","chunk_label":"pressure"},{"row":125,"row_count":1,"visible":true,"expansion_state":0,"options":{"engine":"r","label":"unnamed-chunk-48","dev":"png"},"document_id":"AB72191F","chunk_id":"ckc06yszpbznu","chunk_label":"unnamed-chunk-10"},{"row":134,"row_count":1,"visible":true,"expansion_state":0,"options":{"engine":"r","label":"unnamed-chunk-49","dev":"png"},"document_id":"AB72191F","chunk_id":"csei86djir661","chunk_label":"unnamed-chunk-11"},{"row":148,"row_count":1,"visible":true,"expansion_state":0,"options":{"engine":"r","label":"unnamed-chunk-50","dev":"png"},"document_id":"AB72191F","chunk_id":"cimpi33mix3a2","chunk_label":"unnamed-chunk-12"},{"row":153,"row_count":1,"visible":true,"expansion_state":0,"options":{"engine":"r","label":"unnamed-chunk-51","dev":"png"},"document_id":"AB72191F","chunk_id":"clacda0bywyks","chunk_label":"unnamed-chunk-13"},{"row":159,"row_count":1,"visible":true,"expansion_state":0,"options":{"engine":"r","warning":false,"echo":false,"label":"unnamed-chunk-52","dev":"png"},"document_id":"AB72191F","chunk_id":"ctmq2imhwn6hz","chunk_label":"unnamed-chunk-14"},{"row":164,"row_count":1,"visible":true,"expansion_state":0,"options":{"engine":"r","label":"unnamed-chunk-53","dev":"png"},"document_id":"AB72191F","chunk_id":"cm8yvmbuw9qgq","chunk_label":"unnamed-chunk-15"},{"row":178,"row_count":1,"visible":true,"expansion_state":0,"options":{"engine":"r","label":"unnamed-chunk-54","dev":"png"},"document_id":"AB72191F","chunk_id":"cotbiy3bshnfo","chunk_label":"unnamed-chunk-16"},{"row":194,"row_count":1,"visible":true,"expansion_state":0,"options":{"engine":"r","label":"unnamed-chunk-55","dev":"png"},"document_id":"AB72191F","chunk_id":"c7z8bvzkow4nd","chunk_label":"unnamed-chunk-17"},{"row":207,"row_count":1,"visible":true,"expansion_state":0,"options":{"engine":"r","label":"unnamed-chunk-56","dev":"png"},"document_id":"AB72191F","chunk_id":"cok47powc59u8","chunk_label":"unnamed-chunk-18"},{"row":222,"row_count":1,"visible":true,"expansion_state":0,"options":{"engine":"r","label":"unnamed-chunk-57","dev":"png"},"document_id":"AB72191F","chunk_id":"ca0xjwo06e3f8","chunk_label":"unnamed-chunk-19"},{"row":251,"row_count":1,"visible":true,"expansion_state":0,"options":{"engine":"r","label":"unnamed-chunk-58","dev":"png"},"document_id":"AB72191F","chunk_id":"cftj70asjiz54","chunk_label":"unnamed-chunk-20"},{"row":256,"row_count":1,"visible":true,"expansion_state":0,"options":{"engine":"r","echo":false,"label":"unnamed-chunk-59","dev":"png"},"document_id":"AB72191F","chunk_id":"csb20folc9gwo","chunk_label":"unnamed-chunk-21"},{"row":269,"row_count":1,"visible":true,"expansion_state":0,"options":{"engine":"r","echo":false,"label":"unnamed-chunk-60","dev":"png"},"document_id":"AB72191F","chunk_id":"c0qpripspzfcp","chunk_label":"unnamed-chunk-22"},{"row":281,"row_count":1,"visible":true,"expansion_state":0,"options":{"engine":"r","echo":false,"label":"unnamed-chunk-61","dev":"png"},"document_id":"AB72191F","chunk_id":"crzw81zzfq4tf","chunk_label":"unnamed-chunk-23"},{"row":307,"row_count":1,"visible":true,"expansion_state":0,"options":{"engine":"r","echo":false,"label":"unnamed-chunk-62","dev":"png"},"document_id":"AB72191F","chunk_id":"cda3kcvnfgdz7","chunk_label":"unnamed-chunk-24"},{"row":311,"row_count":1,"visible":true,"expansion_state":0,"options":{"engine":"r","label":"unnamed-chunk-63","dev":"png"},"document_id":"AB72191F","chunk_id":"c553rta62ww95","chunk_label":"unnamed-chunk-25"},{"row":318,"row_count":1,"visible":true,"expansion_state":0,"options":{"engine":"r","label":"unnamed-chunk-64","dev":"png"},"document_id":"AB72191F","chunk_id":"csl2non155s6o","chunk_label":"unnamed-chunk-26"},{"row":333,"row_count":1,"visible":true,"expansion_state":0,"options":{"engine":"r","label":"unnamed-chunk-65","dev":"png"},"document_id":"AB72191F","chunk_id":"ci4oappy7gjnz","chunk_label":"unnamed-chunk-27"}],"doc_write_time":1704947871,"chunk_rendered_width":700}