{"chunk_definitions":[{"row":26,"row_count":1,"visible":true,"expansion_state":0,"options":{"engine":"r","message":false,"label":"unnamed-chunk-20","dev":"png"},"document_id":"AB72191F","chunk_id":"c4g6k3givqujw","chunk_label":"unnamed-chunk-1"},{"row":31,"row_count":1,"visible":true,"expansion_state":0,"options":{"engine":"r","label":"unnamed-chunk-7","dev":"png"},"document_id":"AB72191F","chunk_id":"cd6utpeemhgem","chunk_label":"unnamed-chunk-2"},{"row":36,"row_count":1,"visible":true,"expansion_state":0,"options":{"engine":"r","message":false,"label":"unnamed-chunk-8","dev":"png"},"document_id":"AB72191F","chunk_id":"c5pksneoggt6q","chunk_label":"unnamed-chunk-3"},{"row":47,"row_count":1,"visible":true,"expansion_state":0,"options":{"engine":"r","label":"unnamed-chunk-9","dev":"png"},"document_id":"AB72191F","chunk_id":"cw9na0nwepujm","chunk_label":"unnamed-chunk-4"},{"row":55,"row_count":1,"visible":true,"expansion_state":0,"options":{"engine":"r","label":"unnamed-chunk-10","dev":"png"},"document_id":"AB72191F","chunk_id":"cf1h7o8oec3li","chunk_label":"unnamed-chunk-5"},{"row":61,"row_count":1,"visible":true,"expansion_state":0,"options":{"engine":"r","label":"unnamed-chunk-21","dev":"png"},"document_id":"AB72191F","chunk_id":"cu7kae32y37qj","chunk_label":"unnamed-chunk-6"},{"row":66,"row_count":1,"visible":true,"expansion_state":0,"options":{"engine":"r","label":"unnamed-chunk-22","dev":"png"},"document_id":"AB72191F","chunk_id":"czx6vskeeqp2l","chunk_label":"unnamed-chunk-7"}],"doc_write_time":1704443743}